{
    "best_run": {
        "collected": 6,
        "dropped": 5,
        "time_played": 17.067651748657227
    },
    "last_run": {
        "collected": 2,
        "dropped": 0,
        "time_played": 6.71787166595459
    }
}