{
    "best_run": {
        "collected": 50,
        "dropped": 84,
        "time_played": 88.13481903076172
    },
    "last_run": {
        "collected": 7,
        "dropped": 6,
        "time_played": 17.405384063720703
    }
}